"HolderAddress","Balance","PendingBalanceUpdate"
"0x000000000000000000000000000000000000dead","100000000","No"
"0x00003f1bd3852d33ea09ef67de1364f365bf3d57","4052795.41606032","No"
"0x01a11b868047ac900be3917d2cb91938da03e9c9","87071.6930400506","No"
"0x01d93ac422946391d4cf88b9bf5d4efebc26d071","1425.31009774898","No"
"0x0281f77524448f1969519209af08c5dfc2ba3064","956353.507429235","No"
"0x02f0f42fe2edd65c47935afe749751861e9d65ea","261497.959298436","No"
"0x0310daa9e9dd5db9ed64154cf3d0c845d23381f8","0.00100191013183048","No"
"0x042e28da849786e7107634096d7ad42a1e0263f8","255281.747752483","No"
"0x04af6d05f0967cad276dce5390e352f0b1e432ea","2072349.54644423","No"
"0x0533d40c4b884240a74a418687f456c3bab3fad3","271989.01951509","No"
"0x06102325710c148fb798a1f75fe3727d1ae256ee","202628.53988802","No"
"0x062f3f15361a44c99b73a99c07a9ac291fd54d88","23679.717966691","No"
"0x0692ee6b5c88870da8105afeaa834a20091a29ff","1351795.24537271","No"
"0x07529a0dbeaa96754f7296db6c0aca9224601917","156238.385510847","No"
"0x09de2eccfe9af85cb79b5943d265597cc70f206d","3898138.7648026","No"
"0x0aba28dc2df16d6f507332c2e1d1a607eacb00c9","2.0341743080622","No"
"0x0b54b916e90b8f28ad21da40638e0724132c9c93","221.177676464604","No"
"0x0d36ec875719afc059766829231b3bfd52c5f180","3501456.1033967","No"
"0x0e3c7363decabfe24637caad9e6432c6ab750648","4500.00090000018","No"
"0x0e5b5b58c3dc80bf0fc197f1743394e5d67aa030","2353961.74805957","No"
"0x0ec934515aafc157d7a4de88743dfe53de91d163","454735.529140958","No"
"0x0ef089ed011e6e798a3b89ad2101da5d54174787","0.0289298850269395","No"
"0x0f3da7dfdfe25df3bff3dcf6e5c8f677683a647e","1859683.10913481","No"
"0x0f4422303f1da294b96c781b1b0368cc7cdfe8d8","1756884.39804179","No"
"0x0fe00da36d4b365225499ca1dd62b419c8242442","196778.648952548","No"
"0x0fef03d9dfcaa4f4ea101b189f3c38687604b6e1","4502581.22269297","No"
"0x10d949feb3e7538e8dd62f1df506b42cbbfb840f","400009.546538206","No"
"0x11698d3e0f9a0b201e39cab831ed882406938dc0","65221001.7178387","No"
"0x11f97d6d76aecb303cd0ab2c510308463acd1308","479657.293390651","No"
"0x12ad493c068bded39da2f61a00e20265acc24b5d","453742.374755174","No"
"0x139636606d3bc9b523ff82452fa2200c8a44e54d","1174351.08154012","No"
"0x13b3a50f3947476eda74fe191344524e2d2d28e5","4890178.60909356","No"
"0x140477aefe5fdb2652da9b0e3b8ba41c76bde0ab","2795402.79842232","No"
"0x14333276befdfbeb6726c985cc31ddc8c5dabf7d","2083575.55792028","No"
"0x15e39e7faee3e53d7a5332c0ce786c71510af658","494168.066708157","No"
"0x16d6bfcd5e9b326d1b706d6979a5ad5b7d00a2b0","0.211563723819541","No"
"0x1711bc52bf7e0494325799717fe640f1924617b7","4876839.49598015","No"
"0x1739db51b363d7ebeebb8128f053348d66f29418","1758117.97406516","No"
"0x1748789703159580520cc2ce6d1ba01e7359c44c","254040.996095607","No"
"0x17503e8153e566c2f316cf36736088b979234f75","317724.604969178","No"
"0x1775d5582375ed3e09a3aa0e367936b1e5818e95","1457814.16751105","No"
"0x183755f5002d1de488c5b1410ec42f234a29a4fa","2259265.48389741","No"
"0x18a2bceb4871a3b07234063fe82753e9e1684161","0.00815830584475347","No"
"0x18ab367d0e3a2de407694d0606e52678f4f262db","3781814.23612733","No"
"0x192f453435e970ecac4fc518e7cf141795fbc65e","2636928.76552606","No"
"0x1b90cef34b5aa5ead085377ed990939cefb0d0e9","5.03990492762034","No"
"0x1bff6defb0cbbb35ad516688d2bc4de8a5b0182a","3784326.26367637","No"
"0x1cc972ff969689873f8010bdd0cf3dc30618397e","155596.050863975","No"
"0x1e4aecc7d3bdf9294047543526b5cd3b305f2209","86.0942951895532","No"
"0x20590c641ac65223f4163870e99cb4f1837f4629","167070.764439146","No"
"0x209617efd6f9e4e64c91cf8cc07c16dcff930d63","4172113.32930062","No"
"0x210c120f967876990830a92d9f2e001b3e96d074","94518.2272338904","No"
"0x21affebfea40b4015b0ae31c9a1d5b3034db470d","480245.280094101","No"
"0x21ef8ba426716f68f96b640dfeb324148e6f8179","29661.3391019501","No"
"0x25046a3461220ed208a1285d7142a54bdae498d5","2475607.32722327","No"
"0x254a3633c0ccd63a8bf085ca4d6439224bf83975","2161395.88174985","No"
"0x2592552707b9575afb566178134118a69d97fe29","614249.985244557","No"
"0x25bfb4440eabe6316568c1037ca15de16a3b55d0","860365.33949531","No"
"0x25cc5677c82453ea26642f7a3f733c6006c31011","3702226.98804301","No"
"0x276ffb8af57da846480f14fcdaf3912cddc5b07f","373912.553666008","No"
"0x27aea25f12f766103d2ee71143349952e480ab0f","4811192.12850332","No"
"0x27b8f82a555ca223029e7daaba329674c71bcda7","26.29625295203","No"
"0x2876f01b33537cb6a860b9fc7071606ff4949bd6","13950.0086490054","No"
"0x2b90dcb33932642214e1f23c4ec62870e6a70d75","497540.288058939","No"
"0x2ba2e7369512d6e309d5250bb12f8b26091e56c6","2113221.52227484","No"
"0x2bd2be917eb9379e6010c110ec4fc8a305fb3437","7200.00230400074","No"
"0x2c878eb749fd1717fe64e68e2a36f7be35754bdc","0.177314920670514","No"
"0x2caa12ac91edc4fab9236de333996f9fd357cff2","841272.256846128","No"
"0x2df252fd43ba39364084f2c23b09c9184ac5fa28","4409554.06081876","No"
"0x2fe6f72bec74a962e689e68beee389bab175936d","345143.291936548","No"
"0x303425052e462dd0f3044aee17e1f5be9c7de783","0.615419252181723","No"
"0x308015aba8bafd4b619eca86b4de305f463e5caf","2341432.08342487","No"
"0x315388deb1608bdcf532ce0bf6fc130542f5132c","108000.642039925","No"
"0x316b333e664d0af5b6b3e60fb2b619623b5f3980","4053831.93786278","No"
"0x31cdf7f7329c5993a2b06a988ddddf38eeb4ad6b","100000000","No"
"0x3203d3d5bbed4fe644fa97372051fc26c2739a30","214998.259474114","No"
"0x3221ba82d17e708f17980a5c399578de2a04b798","1750623.65077464","No"
"0x33854223af5c09f80949f66328f1ee4d18daa2da","413791.964294476","No"
"0x34723a4849c05b6299d8fd1658b594dd3ff4a985","2700941.78593499","No"
"0x347c24ef4c74cad4b2e765e0aee6677139e06dae","700687.941703277","No"
"0x36bb8b403846cdab5721601b008630eae76d0079","681068.241410272","No"
"0x3771726982f5aa9e15ccd9ea48c69dcd03857dec","1.23727323657985","No"
"0x37a74bcac2cfc39710b00312626a54c5d2b6506d","0.669713799171095","No"
"0x387b2279893be464cc9c42f5daa83289cf15dc5b","100000000","No"
"0x38b45e17c4a0282ecbbef27204d03771e1354ab0","1621970.89490859","No"
"0x393e09e0f58afef9798581caa2c3042d69b626dc","78138.2713585888","No"
"0x396f297f3b14a7526f19988ade3cb949d3524d97","43420.9437944321","No"
"0x39ae589159efb586358d1c6137f81d9d5c9dddf3","3001128.07734616","No"
"0x39da23edfa862c141474e3f903b3c3a3784a4cc1","158740.965027949","No"
"0x3a115f80851acfcddfc6c4233a3644bdf56508cf","1212869.82100919","No"
"0x3ae1fa9a62dc63307e04a8600542fe7953bda78e","4600074.12428114","No"
"0x3b228235aa52dd0b691777a61c5fd5a65649a75a","105094.492061736","No"
"0x3b25299878a90f7ddbbe428ba77d694e13d7d097","176123.392819595","No"
"0x3de31061a204584dffd77745da01b7eb4641f9ff","0.00105415222279114","No"
"0x3deac7b5baba0f019c9a2d7b8848c7fddb15151f","137877.548575109","No"
"0x3e7cf6bc65831c6326b623f3b8e91adf5a2662ea","2060772.8920344","No"
"0x416145ecc6d273688f4092d100a7d6668bae3a3c","2923554.77431376","No"
"0x42ecf87e95ebcced49a092d62cd7cb13ed177aee","8511.78905350878","No"
"0x43949405198b10a385959b3f53749f9267b3e3e6","2.88428276936214","No"
"0x43a9b60d1466ffa7cc0e9575e71b97c3ab7ee9aa","3805390.00946588","No"
"0x43c58dfe6512fd95e56c431af1ff2620d7c7267b","2369049.27474791","No"
"0x43d4026c6729ecb6d0b6cd0ab1715580a7adb719","45000.1755045188","No"
"0x452f89808b57c13f07db3c56739d00650d8965eb","4198047.81980199","No"
"0x45e9721d38e3aa4f56cabae25793670db3649fda","830054.408977011","No"
"0x46a12c32cd80b0d13bf7bd944f3ca167e07e3d2e","150977.933751049","No"
"0x47663667e354907c676a4c23ac1b30346e6fa4da","3826267.53626868","No"
"0x478336565ba244d5d7b406e5d925e87a2bf868f9","3186.39481779603","No"
"0x47923a4f3c02b2cfb7cc72ff97b3f67f7189357d","43856.5080862813","No"
"0x485a5b9b05d846b75acf5fa8b35ec66e9faeb074","1087244.89062624","No"
"0x49dd2aef2d93ab30b674e9f380ad781f820872a4","3752971.54644808","No"
"0x49eff18db4df0086da60ad60254906241f9fc610","2257057.88248481","No"
"0x4bdc9727795ec050a18cb533a068d12c5bc09f1e","4.73386732201991","No"
"0x4cf0d0514f4686a7281ab72121cb88663dea0a8c","1179428.29428171","No"
"0x4d54c072b25ec3aceac1de1795a52d07aade774a","30104.8657270863","No"
"0x4e43919ee76679d6d0ac442ed11d23e3a21dcd15","3829817.93639587","No"
"0x4e7790bb74dbeeed3e1d60d76aaee102aa9754bb","40357180.6569116","No"
"0x4fd3b6be0f3e9d1467a674d6091a892c626b2ef7","45499.1576868921","No"
"0x505920cf689dc11bc0fb6013c4d0ec5c59ebb7c1","770318.768716599","No"
"0x50dcc7bbb9242df2b38e6211747f17e6fe597ec1","3487691.13626362","No"
"0x50f12171c76c8e78b37170b2fa483b9d18f4dc6e","0.350609955110809","No"
"0x5184560fba0962809a297dc311d5f65b06a5a33e","4412666.27249088","No"
"0x5250add6080b3b8799b20953d290ef42d6a910c4","166855.91826808","No"
"0x5363c01c3d759a5c421b12a3d08d658a6365f9c1","4233364.98837573","No"
"0x5395bd693ce002a497a9ca81148f511c1b37ed19","114885.289841833","No"
"0x5430a4d0f4305609c25e43d87188dda9e4826a82","1434.55595306876","No"
"0x55710aa3bb05b611fcf16d02e28cc35beb89bae7","46773.6412941418","No"
"0x557535e07f62201b7d16fa1eaec30c2dd92a7a62","202632.203925137","No"
"0x55dc52bdde0838ad6e1bac1a4d8aae30a35741e5","153.719451189258","No"
"0x5605e3b9eb8330b49a6207f7f28998a67a4810d5","3603007.99548502","No"
"0x56748a26daf724d16537797327a7fc1698751c49","46.0291247356625","No"
"0x5717e6588d61c0e9807c3cafecf93f335feffa91","377312.01203686","No"
"0x5726cecb07330217859429fbf97dc576d740a86e","135004.531966229","No"
"0x58c60c8f0973d4a6621b6edd46c36e9f7801d852","3904439.12042857","No"
"0x59f4a36eb7bdeaabddc6d532aaff315861ee1f7e","8493.83782253351","No"
"0x5a87e9a0a765fe5a69fa6492d3c7838dc1511805","315323.068606353","No"
"0x5acc7f6f6694f2797be4e88fd8168524d83699b3","1582983.9234347","No"
"0x5b46ca647ad858e2e35a0129c76bbf8e64fdb326","4602117.98555215","No"
"0x5b55a4d5de18ad59c9d712f72b6e7136af528000","0.242521307043324","No"
"0x5c1effa1d1516af29b08a1c2365cf834734e8159","52128.3306168316","No"
"0x5d263e816a95fa9592323289a1e630e4c136406b","370982.829223457","No"
"0x5e012bf30629cf70a9fc304543a88060029b0695","3570903.57772944","No"
"0x5e9d34c5f5f0da5ce67324825cd53d24387d8f11","0.217169858711078","No"
"0x5ee302827c6afa59beafefff80adc8fee9dac76f","2547965.23368859","No"
"0x5ee42438d0d8fc399c94ef3543665e993e847b49","4137568.99858224","No"
"0x5f30005f9f2ae95a6a856d45b0dfe915e983e5e5","1800.00363465346","No"
"0x6059e2eb0382b236233a8b89e470afe9867633bb","3700155.23943487","No"
"0x611eae57ee15b4e8d8d8fb8beb3a94c288a759f0","800034.033452971","No"
"0x619ed265c1e3e57a048630b8f288b3a868b735d5","0.409058049943421","No"
"0x61d7ea04885179933d07c9e7f2f53279adf61673","207235.746699892","No"
"0x633d7241983b7d99205ae4820631ef234401cc38","0.262746447409591","No"
"0x64331721592e48042b7cbfd168846f99d0e61d09","4691483.47809293","No"
"0x647f90cac741acb9b878ffcf91784436a3590f51","1587669.44208146","No"
"0x658023cf36290c50c117de074a3cfed6263740c4","18646.1260734466","No"
"0x65e6fbe4369fb77c14955318c4c5362741beb745","3513286.91914991","No"
"0x66792bbcf56632e16a0ae3aeee1cb7abeea109b4","269768.250147111","No"
"0x678c68db8a7ec1993bce4e4ff80a1bf513d95d93","410271.850807039","No"
"0x688d056f976cc058d072eeefa5100c8d725c4777","428495.074163098","No"
"0x6b641fb4c5a00c5aceb1f91eca08a4a907504734","2874564.13465073","No"
"0x6bab81dd0418b53ec0192ff7fa2d8dcff54b6833","3790370.89654149","No"
"0x6c3f0afa0bc586d0a2302ac5104046072130e5b3","3500110.77558216","No"
"0x6e41917f3fbac910e4554f983a16788fb0a9d265","5168.81229233682","No"
"0x70214e97a8a80eac54f8c624d4a0b662626b9287","3137904.31127167","No"
"0x704b8c35106a4dea40087b8a486fb99c78856609","283555.105359319","No"
"0x70e8e296033fe918f2cb9d5c5ddb033ff536d200","4471146.82326277","No"
"0x71b4f58aacdef28ef618ddf052da533d29c644c6","352233.545080793","No"
"0x7220d72d3d7164fb0a2bf392842175decd3d66bb","11044.3097808433","No"
"0x723ac61acbcf2c6fce5b9173f544a6c8d91297dc","181391.4826579","No"
"0x7252f4b3e47caa9a0f510817ec07b06c3a244316","0.179271492687374","No"
"0x72cceb0d0c86a893ef65f271565d2b15eb6546a0","4054701.23394665","No"
"0x757a8cdb53393501a2d72115ca5c2230393ca14f","3983346.30855325","No"
"0x757b7ead77ddf26b95fd7144d90e2626a0e76d44","24536.1229760506","No"
"0x770c21b75b053dbc633f195b331d7991dee218f7","189755.647958464","No"
"0x774c0430f7e2b1744bdc86fefe67b130a0b2d865","2181922.27097588","No"
"0x780ca0e592d116caccb8fbd31f527f5081f67190","1087316.19945644","No"
"0x78495e42de457ac2c43799ab53eca1dbeff2e0b2","78237.5078868987","No"
"0x7bcf919c962aab34aedeabc572e8089a07097650","249272.349770167","No"
"0x7c80a8e4a930e95bbf7a9782442a4cd8cf8535f0","4053079.14416953","No"
"0x7c87ddac05c5146876cc0f9e335ce125b15d6893","5069017.1844868","No"
"0x7d59f650bbd0f6cb7e0bd0b8959ea6719b366fc3","0.243340904576553","No"
"0x7dfa3f88eeca52176a94da96877882c236ddb26c","3190954.51526016","No"
"0x7e6169ace6abba533b519d7d4574751737af556c","180550.64838445","No"
"0x7f334872b7e5357ac4713fc96f874af32367b884","1900664.90519015","No"
"0x818c853b0ea666d04579acbbdbef3c2e8a62a082","3603449.34513873","No"
"0x8208f5734ea307b3e8b87cb4d49397d92387ec30","102.45924530819","No"
"0x82583f9cc3a18c351a0c33f683ce1ec21627dc5d","2161385.39710194","No"
"0x82f42017bae11fe514ffa9e2efd525a155097a66","200.042381367058","No"
"0x83305db51a1e23181eb84a377379408fa598de25","521228.027570228","No"
"0x839073874bf93a91325c3d2e6704c0fe383a08a4","3923048.95971536","No"
"0x845ba798885bd10cd8ea4e74d8207d3126597abf","19283.6329408934","No"
"0x8469ddb6ab82cce4301814644d623ed0348d57ca","1290.40010127072","No"
"0x84ae1c65f55524c1400352a7ff1c4ee135af4333","1800144.35105349","No"
"0x861c712300fea48ca48f5468f61bffd876f9e5bd","3665052.16497859","No"
"0x864485c5425b92469408203da4158ae1815db7a8","135.394579429889","No"
"0x86a41524cb61edd8b115a72ad9735f8068996688","461093.041299855","No"
"0x86e9215799569f8f53e8220fdde75645eca82c50","15215.2749741681","No"
"0x88d46e3c3b6523977c94b96e1f87c706defdad9b","24312.3482218981","No"
"0x8930f69d0433add5a2bbfdeb05563b3ff636fbd6","2072474.32969993","No"
"0x8ce1b5778a3ca5c67d954f022162fe169f082cd5","784537.77177301","No"
"0x8df6362fee71798060e13246795d78144bc1e83e","237588.377062402","No"
"0x8e4ef13aea630bad337127148f46ae21dd82af3e","1809643.92533467","No"
"0x910760ef0fa3c77507ba94f3f0fc221a1de6078b","324617.290733078","No"
"0x9110f42db1beaade1e8be69a02283a55babd57e7","67562.3330406922","No"
"0x915981973055383a6851fecee6b3d6b6fcc79671","9173.45208934616","No"
"0x9169630dd953ecbefb2b8abef2e0d28cc93e3b08","4389063.42876633","No"
"0x91bac799726a3c1501902164fe05a3ca9cb9387f","2657677.08759296","No"
"0x91fe29c21c679511066129a81ef42f8f006abaf2","3746492.55131674","No"
"0x92ad4227d8e68da513da0933239af6d089d4daae","2294996.39782707","No"
"0x92b9abc4fd0a6d3c3ca8118346b8a61feba7910c","174462.752756271","No"
"0x92dc95c2bcb3111d9a6eb6cec94414775e3dfe4e","1.5194811667378","No"
"0x930af2f6d25ad776e7074583d8895e0b8a28bf2f","0.568533781503893","No"
"0x933c7bf10026f1b3684df444aaf1f76dec89b2df","3601577.00724274","No"
"0x934f61863beddebf7998f0baede122daa64da44c","15013.3304936557","No"
"0x9458c54a975e7d61c9fb7103553692a590c28e08","67813.7600483164","No"
"0x94a2da77589a57edcbf53441a467a03be0be72c9","1551598.17869278","No"
"0x958858205f830680c3f85fc2f319016b98812d71","644.117486469696","No"
"0x96197b8f28620f71a86bd9e9f28823e7b99d285e","3.08606229296688","No"
"0x9644cfc25ab44129d160745cf0d7fda766bdb124","961961.778062065","No"
"0x96580154030df530afa612e94532f8fb0ccf0890","1200021.5585025","No"
"0x9719856fe9d11c4818be83762fd1a2cc503659c0","3494152.08427855","No"
"0x98b30064f94ae07a5ae658747539dc96d43cfd99","2127422.19632911","No"
"0x993c8db9ef5f023b1c3b8d916979024677d3cd37","22933.9903742631","No"
"0x996b4569fb7ee5d3b8d0ac5d2eeb82c8f8e0fd21","21653.0098040477","No"
"0x99be8a0d909bfdcbef03e3b377451e3e7c462e15","0.0880793477802867","No"
"0x99db96e8ad527edd564bb6d3e7b0e16403f18a25","2970108.41457015","No"
"0x9ac7b0ad4513edd22e71c999a5553cbc99dcbe6b","683195.174166066","No"
"0x9b1a1d93cbc4c3a5584b7e58656e6dac00b4fcee","397870.203987594","No"
"0x9c2716161df08ddc1be20a1a2f5c8bf222a9ef06","2812514.59693626","No"
"0x9c4085989b4062e28eccee663560ce221b3358c5","4563060.72338141","No"
"0x9cc160077b6bd649dca107df0aa351f007d99ecc","4958649.79415378","No"
"0x9e34d29a64201c0240d2a3f54cd2b15a3f166bdf","43633.1646155272","No"
"0x9e42ba79520b67cec493a167e6159c3613eab7f4","857245.732382893","No"
"0x9ee210f3871459f3b5fd27b312b40309d3b988c2","2988391.40623161","No"
"0x9ee3fd7c5c088831907aa0180716e547e0bab9a0","4923759.62854357","No"
"0xa0362da88a2a7c198c90d1df55146dbd353c6cca","82793.1440867958","No"
"0xa161535d29dfb76fe8ff9f0e7f2dd4a490d53ca5","3.87728422331617","No"
"0xa192092036526d84d7c3bfb51a3a3a68e160efe3","125922.821267144","No"
"0xa1e0949cc32f02cd02cfec55f199307efd5fe16c","3000064.6836639","No"
"0xa30776c8b16e0c21d42588427a8fde652755ed9d","94295.7539327073","No"
"0xa316004bcd968fea5e14af6d80d3716e0c3db35b","1382053.78253893","No"
"0xa41bf3801c04fedefd5dcf9cb852f5317af3705b","2484171.94915012","No"
"0xa47ff4690a8c0835396bf9ba221c177e5b3185c2","3600921.95239358","No"
"0xa66734a9cc07c66775767df8410b19986278e20c","248689.444576254","No"
"0xa76e565e2910174f88d21e5430b83877a94ba76a","1490.47831220517","No"
"0xa88b9867b9a1e9d1d58773d1e7e12c3a85bd091c","4143252.02795418","No"
"0xa8c8aad5c5effdea54b70e5df1727d4836b50d24","1896.7423025791","No"
"0xa8ed5d495f943d9e118690cb605b025efe8eaffe","196247.174295362","No"
"0xa8f0ea585463433a2f830f56825e879b84306b1b","130.864022819776","No"
"0xa9a7bd5c623671088552ff61b64c2915be020333","3.63385766661414","No"
"0xaa3171af5a69751a272780040fed616a2a89e7b5","1553.92534213575","No"
"0xaadb4f255766de2b617ac2092ac11b4228e898ff","4400128.4789573","No"
"0xab2ce6d5de3bca43bdfdf2aa27ada10a99f806a4","1219590.49728994","No"
"0xab348330ade2e16f66112335be423cd92bf49dbf","3227221.03145154","No"
"0xac8044e01b5326180f5f8a9babdf10e34f1eb466","4115689.0740084","No"
"0xadfaf3440bab6e427a3103220a7eefcaa3624c38","682838.056289048","No"
"0xae8a89c737e7423def56f6e39bf4052b112d6078","3880883.32833613","No"
"0xaf70e4ad421caeb954c99977eb6b45933d45d651","452081.258972573","No"
"0xb1a59058d980d0e2282e3828596f2f1aaa294e99","77309.993060286","No"
"0xb1ac51a6c3e5ec5e8eb739d9352aeab6f1f9a869","100.405086832702","No"
"0xb1c5bfabdb0fa5ec29c3a20de94950539f209cb9","2161871.58036997","No"
"0xb1dbda5d40dc8d3ff2f631bd13f9ed4216b3823f","92322.2455587928","No"
"0xb3360b86120ef7454df63daaeae055e5d2d312a5","293005.479785743","No"
"0xb4961c209c961980a27f5ca2b1ea85645cbabb2a","666014.26313086","No"
"0xb4bf042a9e166a23ee09acee4523bfdd2fd23e1e","33730.3413619206","No"
"0xb5443686f11054f220f0578277f83e0aa3041048","3263927.12848256","No"
"0xb605b33eb1dfe9ee4942f2c6c174f62f1b624425","50000000","No"
"0xb79d2806724949b2d61a6d32731f2e5930c1bfdf","4781409.42745886","No"
"0xb7d2c0260ec6924cd6a14fd24259f43aac27d887","4982349.6345815","No"
"0xb86480be80064e9adda8410eb5538bbc23aab7c8","4819077.06663265","No"
"0xb87b7152e03d430c273e0f735cc5f973ecc61350","2792049.48662615","No"
"0xb8ebd6fd0efe10c109f9a83088f5667b48a778aa","1804.50014472091","No"
"0xba016297b50a9d0795893208175c80420f0b059c","0.0233287000012467","No"
"0xbb368c8fe23bfeeca73265b8a781f9576a055ee0","2804944.48284604","No"
"0xbb4d6ab92c05c5cb549115cac07a8d8d08342089","75897.7692754598","No"
"0xbbd113c8075127acb2092a974daaebc5eb7fdefa","4323375.19979253","No"
"0xbc93763058b3e6806ff5434ab6dc13b4edccf782","2743870.27758875","No"
"0xbcf0f7c0dc3873907ad6aa57296e0641f0afc664","4500.01845045557","No"
"0xbd825d9d04633490ddac411483ed7f9a23afc969","4054991.62254263","No"
"0xbd852e6172876abb860165f28804c3e1cc5a067f","155037.02884458","No"
"0xbdeaf7d15c6d7a7a528f1870afcd3c57b101abf5","3962993.75134939","No"
"0xbe25b51d5619c338ae492acf24d5a8eb791c84b6","10.744984481054","No"
"0xbf0c5e716cd1eb05a9ff287a8a40333d1cc30adc","3000405.60671654","No"
"0xc007f6294a1c1502cdf3319babfade17bfccdc3c","2256966.03288136","No"
"0xc0952ee4bf4abe8306eb5a4a9b5f53aa03d1d0e4","900327.40130462","No"
"0xc0a5778b22dfb6af8612b8ea3ac1bec7b1db6779","520343.483640331","No"
"0xc26143239e2366f244ad74fb1f889b872feffc6f","90053.1982390257","No"
"0xc2bb62834a4d528aa6efc199e45315e41e58e1ea","214097.445824772","No"
"0xc36a4562805695b732498afff8fb94eb04816d76","16051.5258905657","No"
"0xc36e9fb5cc692af50bdfd52f0279c5df635dbaad","4279030.548773","No"
"0xc4805919bd07dbd584ce400400c57e5364e856dc","155654.579249261","No"
"0xc5322df647f06ca6b10a862482ddf854742a7e8c","46.0725927984485","No"
"0xc5f6c07cb258462ffc0c76f37f73ebcf0609c6d7","3931811.09602421","No"
"0xc6a7f15d82a1ec99093447ca023e826904a3a442","3548894.73584077","No"
"0xc78e7824387d582d92451c3aa32f87e0fb01a7f1","436091.767545513","No"
"0xc7cc7633a2ddd7fcbdecbc748ff9435940c21d93","2478932.40645636","No"
"0xc80b075aabf2dcef095963f97995426399228b08","4093026.54438254","No"
"0xc8b5617d4867f899bd7e531a84f4d7949d45ae07","3477.27655654528","No"
"0xc8bd9d35a3fea4868797a5b5d7f89fb58ade841e","3108.98849649392","No"
"0xca77f086d3adeea00e5fa86d8b34d900b3a1ec43","1800146.12056821","No"
"0xcb2a7b5022ab9caa1016c70bbefe9b1aa10be3c4","425520.794389378","No"
"0xcb39cf6d519d44648769bd710f994bd92c6a454a","3153079.58396838","No"
"0xcc3b12b411a68937617cf38189231f66b9905f4f","2823529.80555065","No"
"0xcce3fcdf5f9bb096b69b9ea9a859fd2a49aad639","3740788.60576419","No"
"0xd14376468d007c01977ac9bfeae3428858ac830c","316644.253315834","No"
"0xd28136c988b3b54c0ff90139d534cae9617f8c52","4205.21023385405","No"
"0xd2ac0a56b66087bb7617e03715392b7743b2f0a6","2891338.15320756","No"
"0xd2b94ef809f9efca0bf63ef1356a1ef549557636","1871.21584603075","No"
"0xd47016d69cf5fbf3ee49a8cc1f061de2c276e343","83673.2570579944","No"
"0xd579af8e8f052448dde4d93c8712a7124ae75029","361554.390508271","No"
"0xd5edc5361af8e6386f8d92ec5e8d7e55c8b825a4","4475991.55289597","No"
"0xd5f6f775f4ac4bc9c2ea24985e23a1d7c15a0728","3211.56945840786","No"
"0xd5fb67269be234e7b2e401c997bc10005c63504d","3187656.64291153","No"
"0xd62d02d281b4fbaf8658ac6197a7deb3dfbc3ddd","5.57883730456211","No"
"0xd688e4c3e08294e4925fc5d36f81717d78281f40","3.90421866604837","No"
"0xd836da33a6629548271eb9ef4f62d083376eb4a6","4828101.50087887","No"
"0xdbc7e23491dc1802d5200ec4af13b4fa9453dd3b","2403467.7230902","No"
"0xdd01b410a0caf45e8485ab7900a171de90061d44","4973704.81509009","No"
"0xde10a1fa06d96ab5b8edb19963ff28741d3f664c","68228.7684913954","No"
"0xde683489e470d3208effb4860c05557d4f6b0759","4777601.29373877","No"
"0xdfbaf549dc88310197b7fb72b59813f0993f2d17","2442502.37778659","No"
"0xe04fffe3a36acfffdcd63c41813b1cdb69bb6591","445602.467130836","No"
"0xe0dfe3d68389746ad23b9b77b10432377cc7a4cc","28.8501979003067","No"
"0xe0ea0be7b17cafd0ff844928bea9cf05a6024518","4045513.30063733","No"
"0xe1e0da672b12f7d0d025f4b52512ab1678b2c7fd","1522499.06096771","No"
"0xe2008ef79a7d0d75edae70263384d4ac5d1a9f9a","3894235.40217835","No"
"0xe2dd67db3365f8eb76ef48d76e4623cfd73fe850","68760.4677931584","No"
"0xe3bc35bb0f132078934cb99e206bce22f19b6d30","3437943.15902722","No"
"0xe42a219a6bf1b57216bf6762acd91c576690c9fc","409781.55377315","No"
"0xe552d483e2fa47da9462567f138b16dec417d4e6","3814019.87003894","No"
"0xe5a55cc67f15b7a31f7665f90164bae6a962f19f","126000.705603951","No"
"0xe5dcf88350dc6b37dc729212b53fbadd8b4360a4","1.50659267099809","No"
"0xe6248bfe75542e571d2fc2eb376eeb3ef7932cf5","3259483.0424915","No"
"0xe7342fd8bd5894537a02bfab3e6df2ac64a8ea22","0.0162375536516395","No"
"0xe94738aa4ca5d13f7f54a16df7e2ff2e8ffb5985","3347.09720868574","No"
"0xea4ba71614dfd94e254f12d8e6a3696603508c00","4052985.52072597","No"
"0xea5dca8cac9c12df3ab5908a106c15ff024cb44f","1689.02976379797","No"
"0xea876934b4d11eca06e8bf8b9250ac86d5f04895","900.000084714425","No"
"0xeae4b859aa00fe76f22326504d7ce8feb467d9f0","25200.0252231929","No"
"0xeafbb5bd5209e5ffce32368bb61cf54e0be12953","30187.309500997","No"
"0xeb7ade64721b61d5bac6f91cf10b9305e114c430","1907.99549233827","No"
"0xec2ef8b6b9e16bb1941b9bcc2ccedf036f4114bc","200003.868249847","No"
"0xec5bf4a939cdc138929ba389779ea6bbb9009735","1800576.26532736","No"
"0xec81058a42e3a68cbd16a2b13a56f75a0401ec38","4052540.93930285","No"
"0xecf277a3aafe4ac05bb0719048fe94592174c187","0.708250583650527","No"
"0xed1588ad74e393a847a36c1d71279b22e1e946f8","4053560.55041856","No"
"0xed6527a8e44c717fc5bc04b1c1ddd7098bbae685","175659.499469921","No"
"0xeda737be43c8006daf69617d5465e832b9418146","1477785.01321078","No"
"0xefdee53249ef08013d31aeac2a738912197b7b5e","970162.850022238","No"
"0xf065a64cd00a8a7bdf936c94a941dd88742e5e62","3867135.61076654","No"
"0xf094720152518f9ee855440589203c9f077e9377","0.548254076157792","No"
"0xf0dfbfcd8303f92027522df32542522e8278b15f","2161664.99719409","No"
"0xf14e8154e3021dbe40f9f656b6b1abc249047509","21.5986385353839","No"
"0xf1ad7f66f1050d0e55967c4c4c2aa0fcc3197d6c","4616009.36776113","No"
"0xf2413190f655d0ce74864fd79ff809f6f92b2309","1536.98750411653","No"
"0xf2c80e16e3a3258d9cceadf83bcb5881b1ff0f13","3500075.96255715","No"
"0xf363979aff681842b2d245efc5c4fd8fce4138a4","435535.482306439","No"
"0xf40be62ed5cd8edd283d8e843fb5d164a886b966","291263.3386399","No"
"0xf4accdfa928bf863d097ecf4c4bb57ad77aa0cb2","1327022.95107703","No"
"0xf61e7dfc0f405e8b285423a229434f4d1ddfdaa7","247.417942893114","No"
"0xf6fc42654c1f2470774f9dbdb32d1723fab66a9c","4323251.40173683","No"
"0xf7a8bc03f8edb6f492ecb7a6282e3617d938d4dd","30.2667080681076","No"
"0xf83551e2bde488a577d7ae5dc8ce7257c2351aa1","3784558.71996098","No"
"0xf9b2550dea6c524676a13f01727757ae25c5a5e5","24252.7175611597","No"
"0xfa13a1fec81f66a31dafccace04ecef65eddd06b","0.55378593262379","No"
"0xfb1be8283f7c8941f6e05fa451e78d6cc19a0e95","604050.381884423","No"
"0xfda0283412204f1d0dbc0a2a484fdf98409edf28","42606.5306805786","No"
"0xfeb670482124ef667f89954a58678c88d6c2567e","1.56153904686329","No"
